0,1,2,3
engadget,sarah fielding,corsairs first standing desk is a huge and expandable all-in-one,2023-08-23T11:35:19Z
business insider,eliza relman,loneliness is a design flaw,2023-09-06T09:30:01Z
business insider,alex bitter,"i shopped at amazon fresh to see why it's struggling i found hyped discounts, odd displays, and bad coffee",2023-09-04T09:00:06Z
business insider,morgan mcfall-johnsen,"small businesses turned an chicago old meatpacking plant into a living experiment in sustainable food, and they are thriving",2023-08-10T19:21:47Z
boing boing,jason weisberger,james hoffmann reviews a $20k espresso machine,2023-09-08T17:15:45Z
business insider,alex bitter,starbucks founder howard schultz admits he once shunned the frappuccino,2023-09-07T16:34:39Z
business insider,haley tenore,roaches were found in a mcdonald's frappé machine it's not the first time the chain has had this problem,2023-08-22T19:48:33Z
android central,tips@androidcentralcom (vishnu sarangapurkar),fun google maps update brings emoji to your saved places,2023-09-08T16:31:22Z
boing boing,jason weisberger,"recycled coffee grounds make cement stronger, say scientists",2023-08-24T18:09:54Z
business insider,brent d griffiths,trump raked in $94 million as his campaign sold tens of thousands of mugshot t-shirts and coffee mugs,2023-08-30T14:57:45Z
rmiteduau,,coffee grounds make concrete 30% stronger,2023-08-23T11:45:25Z
business insider,nancy luna,"i tried wendy's new $3 breakfast and mcdonald's famous morning menu, and the winner was clear",2023-08-30T09:00:05Z
boing boing,david pescovitz,massive mysterious boom shook this town but nobody knows the source,2023-08-29T15:20:28Z
sethsblog,seth godin,the convenience fee,2023-08-28T08:37:00Z
a beautiful mess,emma chapman,irish coffee,2023-08-19T13:47:00Z
lifehackercom,daniel oropeza,my favorite travel apps for booking flights and surviving the airport,2023-09-07T20:30:00Z
business insider,grace dean,"starbucks' $125 cold foam is the chain's most popular drinks add-on, and one of its most expensive this is how it's made",2023-08-17T09:30:01Z
yanko design,srishti mitra,top 10 coffee machines that are must-have recommends for die hard coffee lovers,2023-08-14T11:41:16Z
cnet,zachary mcauliffe,5 reasons you should use duckduckgo instead of google - cnet,2023-09-02T11:00:03Z
engadget,mat smith,the morning after: dolby atmos will use your tv to expand your speaker setups,2023-08-29T11:15:03Z
business insider,grace dean,pret a manger was fined $1 million after an employee was trapped in a freezer for more than 2 hours and thought she was going to die,2023-08-31T10:12:25Z
business insider,katie hawkinson,"cornell university ended its partnership with starbucks after students claimed the coffee company engaged in union busting the move could be a major step for unionization efforts, labor experts say",2023-08-18T13:17:57Z
cool hunting,josh rubin,tally pro precision scale,2023-08-28T01:44:26Z
business insider,pete syme,"a pro-putin rapper has taken over the assets of domino's pizza in russia, after previously buying 130 starbucks stores for just $6 million",2023-08-31T11:35:30Z
business insider,chris dong,"capital one is opening its second airport lounge at washington-dulles, with free cocktails and grab-and-go snacks",2023-09-06T22:34:25Z
vice news,"nicolette accardi, adam rothbarth, hilary pollack",the best upgrades for your home coffee bar,2023-08-18T20:43:01Z
business insider,dominick reuter,11 of the most faked foods in the world,2023-09-05T21:22:02Z
bellwethercoffeecom,,how to start a profitable roasting business,2023-08-20T20:23:52Z
a beautiful mess,emma chapman,café au lait,2023-08-16T13:01:00Z
vice news,"adam rothbarth, gregory babcock, hilary pollack","basket case: what to buy at yeti, according to our editors",2023-08-17T21:36:18Z
boing boing,rob beschizza,rudy giuliani's mugshot,2023-08-24T07:16:20Z
wired,"louryn strampe, gear team","40 best early labor day deals (2023): firepits, grills, and couches",2023-08-30T12:00:00Z
bbc news,https://wwwfacebookcom/bbcnews,georgia rico case: john eastman surrenders to authorities,2023-08-22T16:35:02Z
business insider,juliana kaplan,people would rather work anywhere but the office — including their gyms,2023-08-16T17:31:37Z
wired,scott gilbertson,"31 best rei labor day deals (2023): tents, sleeping bags, and outdoor gear",2023-08-30T21:46:00Z
gigazinenet,@gigazine,モカエキスプレスやバリグラインダー(コーヒーミル)などさまざまなコーヒー用品をctスキャンして内部構造を調べた結果は？,2023-09-03T22:00:00Z
design-milkcom,tj girard,stui spice shaker: the future of spice travel,2023-08-30T16:00:32Z
design-milkcom,kelly beall,naras family furniture collection is as flexible as it is fun,2023-08-14T13:00:27Z
ars technica,ashley belanger,"zooms ceo thinks zoom sucks for building trust, leaked audio reveals",2023-08-24T20:28:38Z
abduzeedocom,abduzeedo,minimalist branding: crafting the identity of cafeaks,2023-08-19T14:43:58Z
springwisecom,hannah hudson,‘coffee-free coffee for a sustainable morning brew,2023-09-08T04:55:00Z
boing boing,rob beschizza,air canada kicks customers off plane and adds them to no-fly list for refusing to sit in vomit-soaked seats,2023-09-06T12:04:48Z
venturebeat,carl franzen,"proton debuts vpn for business, enabling it departments to control access to content and apps",2023-08-22T18:47:16Z
venturebeat,carl franzen,"proton debuts vpn for business, enabling it departments to control access to content and apps",2023-08-22T18:47:16Z
time,kate brumback / ap,"giuliani turns himself in on georgia 2020 election charges after bond is set at $150,000",2023-08-23T20:34:01Z
business insider,jordan pandy,two young tech workers share why they relocated to arkansas from texas and california,2023-08-14T09:45:01Z
business insider,haley tenore,elon musk is auctioning off twitter's signs and decorations as part of the x hq overhaul — take a look,2023-08-11T09:00:06Z
lifehackercom,joshua hawkins,these are the best budget laptops of 2023,2023-08-30T16:30:00Z
android central,derreklee@futurenetcom (derrek lee),google messages update on wear os lets you send voice recordings,2023-09-05T22:08:15Z
polygon,cameron faulkner,"like a hurricane, the unofficial oral history of street fighter 2, is now on our merch shop",2023-08-25T18:10:31Z
boing boing,david pescovitz,japanese company creates vertical nap pod to sleep standing up,2023-08-14T18:35:10Z
gamespot,tiffany tse,"detective pikachu returns: bigger, better looking, more coffee",2023-09-07T13:00:00Z
engadget,"valentina palladino,amy skorheim",the best macbook accessories for 2023,2023-08-24T15:00:14Z
small business trends,liane lonergan,gifts for coffee lovers: cant-miss picks for the java lover,2023-09-09T01:30:23Z
yanko design,srishti mitra,the grid chair stores your books and prevents your coffee from accidentally spilling over,2023-08-27T22:30:14Z
npr,andrea hsu,4 things to know on labor day — from the hot labor summer to the hollywood strikes,2023-09-04T09:00:24Z
npr,scott horsley,"yes, people often forget to cancel their monthly subscriptions — and the costs add up",2023-08-30T09:00:47Z
food52com,katie macdonald,the cold brew negroni is made for summer,2023-08-16T14:00:00Z
gigazinenet,@gigazine,aiを使うとコーヒーショップの客が何分居座っているかが一発でわかるというムービー,2023-08-21T08:00:00Z
business insider,jennifer streaks,a millennial private equity founder explains how the 'girl math' taking over social media can help more than it hurts,2023-08-29T19:40:03Z
business insider,alyshia hull,"i left the us and moved to northern ireland and i'm the healthiest i've ever been i lost weight, my grocery bills were cut in half, and the people seem happier here",2023-09-05T13:59:54Z
business insider,grace dean,zara's billionaire founder – one of the world's richest people – has just bought a $232 million luxury chicago apartment tower,2023-08-23T12:03:12Z
the new yorker,sue halpern,fani walliss indictment of donald trump and a voting-system breach,2023-08-19T18:07:42Z
bbc news,https://wwwfacebookcom/bbcnews,air canada kicks off passengers who refused vomit-covered seats,2023-09-06T08:45:38Z
small business trends,small business editor,disability employment gap narrows as coffee chain offers unique model,2023-08-29T12:30:33Z
time,koh ewe,hanoi wants tourists to stop visiting one of the citys most popular tourist attractions,2023-08-21T10:30:00Z
bgr,joshua hawkins,scientists discovered how to make concrete 30% stronger with used coffee grounds,2023-09-02T13:01:00Z
abc news,meredith deliso,starbucks ordered to pay extra $27m to woman who said she was fired for being white,2023-08-17T00:08:05Z
buzzfeed,shelby heinrich,"people are sharing their worst-ever roommate experiences, and they'll make you thank the heavens you live alone",2023-08-13T17:46:02Z
cheezburgercom,"remymill, remymill",'she says that i should just be a silent owner': coffee shop manager put in awkward customer disputes by company's owner,2023-09-03T15:00:00Z
beangroundcom,https://wwwfacebookcom/beangroundcoffee,what is a pid controller in an espresso machine?,2023-08-20T13:13:13Z
boing boing,rob beschizza,restaurants near target's minneapolis hq demand it bring workers back to the office,2023-08-28T14:07:29Z
theregistercom,paul kunert,coffee meets bagel outage caused by cybercriminals deleting data and files,2023-09-06T16:01:07Z
damiengcom,,zx origins 8x8 bitmap fonts,2023-09-06T03:18:35Z
yahoo entertainment,cnn,‘what were they thinking?: ex-us attorney reacts to new revelations in voting system breach,2023-08-13T22:15:42Z
theonioncom,cclrk,coffee shop onlookers speculate about unimaginable riches awaiting 43-year-old reading ‘7 habits of highly effective people,2023-09-06T12:29:00Z
ars technica,chuong nguyen,"dealmaster: labor day sales, star wars merchandise, apple gear, and more",2023-08-22T19:48:22Z
lenta,дмитрий воронин,в россии переименуют популярную сеть кофеен,2023-08-24T10:43:36Z
crackedcom,keegan kelly,crowdsourced ‘frasier reboot looks way cooler than real one,2023-08-30T22:30:00Z
thefirstmesscom,laura wright,vegan coffee cake muffins,2023-08-25T06:59:00Z
bbc news,https://wwwfacebookcom/bbcnews,"starfield creator on 'choice anxiety', long games and exclusive titles",2023-09-06T00:27:34Z
politico,associated press,4 astronauts return to earth in spacex capsule to wrap up six-month station mission,2023-09-04T13:03:20Z
business insider,maiya focht,"a tick bite gave me alpha-gal syndrome now, i'm allergic to meat and its byproducts and only eat 1 meal a day",2023-08-19T09:54:01Z
business insider,juliana kaplan,remote workers are falling behind in one major way: they're forgetting how to hang out with people,2023-08-20T10:20:01Z
yanko design,srishti mitra,top 10 kitchen appliances designed to help you cook up a delicious storm,2023-08-22T11:40:40Z
uncratecom,,hmm project mugr,2023-09-04T17:37:14Z
hackaday,robin kearey,wooden cnc sculpture displays conways game of life,2023-08-24T11:00:29Z
physorg,david bradley,rapid growth in coffee shops and competition presents a challenge for small independent coffee shops in indonesia,2023-08-16T20:27:03Z
abc news,peter charalambous,1st defendant in trump election interference case surrenders in georgia,2023-08-22T13:25:51Z
abc news,olivia rubin,judge denies mark meadows' bid to remove his georgia election case to federal court,2023-09-08T22:06:02Z
acouplecookscom,sonja overhiser,coffee cake muffins,2023-09-07T13:30:00Z
abc news,olivia rubin,trump may try to have his georgia election interference case moved into federal court,2023-09-07T18:23:05Z
slashdotorg,msmash,"visa, mastercard prepare to raise credit-card fees",2023-08-30T14:47:00Z
fast company,sam lubell,why this ikea-backed design studio just opened its office to all of copenhagen,2023-08-22T07:00:00Z
wwwguse,,paper cups are just as toxic as plastic cups,2023-08-25T09:09:07Z
huffpost,sara boboltz,"mark meadows, 5 others plead not guilty in georgia election interference case",2023-09-05T18:12:44Z
business insider,grace dean,"tourists call a restaurant in greece 'cheaters and thieves' after accusing it of charging them $776 for a cocktail, 3 glasses of oj, and some squid and shrimp",2023-08-22T10:56:12Z
/film,staff@slashfilmcom (mike shutt),a game of thrones star fessed up to bringing that infamous starbucks cup to set,2023-09-02T05:00:11Z
business insider,taylor berman,clarence thomas' lawyer says a billionaire bought his mom's house because it was in a blighted neighborhood full of junkies and they wanted her to keep living there,2023-08-31T21:03:16Z
business insider,grace dean,"you can't get bananas at starbucks anymore, and no one seemed to notice for over a year",2023-09-06T14:52:31Z
